RegionKey,division,district,upazila,RegionDpheUrl,RegionContactCount,RegionContactEmails
Barisal-Barguna-Amtali,Barisal,Barguna,Amtali,http://dphe.amtali.barguna.gov.bd/en,5,2
Barisal-Barguna-Bamna,Barisal,Barguna,Bamna,http://dphe.bamna.barguna.gov.bd/en,8,1
Barisal-Barguna-Barguna Sadar,Barisal,Barguna,Barguna Sadar,http://dphe.sadar.barguna.gov.bd/en,5,1
Barisal-Barguna-Betagi,Barisal,Barguna,Betagi,http://dphe.betagi.barguna.gov.bd/en,4,3
Barisal-Barguna-Patharghata,Barisal,Barguna,Patharghata,http://dphe.pathorghata.barguna.gov.bd/,6,1
Barisal-Barisal-Agailjhara,Barisal,Barisal,Agailjhara,http://dphe.agailjhara.barisal.gov.bd/en,3,1
Barisal-Barisal-Babuganj,Barisal,Barisal,Babuganj,http://dphe.babuganj.barisal.gov.bd/en,14,2
Barisal-Barisal-Bakerganj,Barisal,Barisal,Bakerganj,http://dphe.bakerganj.barisal.gov.bd/en,8,4
Barisal-Barisal-Banari Para,Barisal,Barisal,Banari Para,http://dphe.banaripara.barisal.gov.bd/en,6,1
Barisal-Barisal-Barisal Sadar (Kotwali),Barisal,Barisal,Barisal Sadar (Kotwali),http://dphe.barisalsadar.barisal.gov.bd/en,3,1
Barisal-Barisal-Gaurnadi,Barisal,Barisal,Gaurnadi,http://dphe.gournadi.barisal.gov.bd/,10,3
Barisal-Barisal-Hizla,Barisal,Barisal,Hizla,http://dphe.hizla.barisal.gov.bd/en,7,1
Barisal-Barisal-Mehendiganj,Barisal,Barisal,Mehendiganj,http://dphe.mehendiganj.barisal.gov.bd/en,1,1
Barisal-Barisal-Muladi,Barisal,Barisal,Muladi,http://dphe.muladi.barisal.gov.bd/en,3,2
Barisal-Barisal-Wazirpur,Barisal,Barisal,Wazirpur,http://dphe.wazirpur.barisal.gov.bd/en,9,1
Barisal-Bhola-Bhola Sadar,Barisal,Bhola,Bhola Sadar,http://dphe.sadar.bhola.gov.bd/en,9,2
Barisal-Bhola-Burhanuddin,Barisal,Bhola,Burhanuddin,http://dphe.borhanuddin.bhola.gov.bd/en,8,8
Barisal-Bhola-Char Fasson,Barisal,Bhola,Char Fasson,http://dphe.charfesson.bhola.gov.bd/en,10,4
Barisal-Bhola-Daulatkhan,Barisal,Bhola,Daulatkhan,http://dphe.doulatkhan.bhola.gov.bd/en,11,1
Barisal-Bhola-Lalmohan,Barisal,Bhola,Lalmohan,http://dphe.lalmohan.bhola.gov.bd/en,8,5
Barisal-Bhola-Manpura,Barisal,Bhola,Manpura,http://dphe.monpura.bhola.gov.bd/en,4,4
Barisal-Bhola-Tazumuddin,Barisal,Bhola,Tazumuddin,http://dphe.tazumuddin.bhola.gov.bd/en,10,1
Barisal-Jhalokati-Jhalokati Sadar,Barisal,Jhalokati,Jhalokati Sadar,http://dphe.sadar.jhalakathi.gov.bd/en,8,1
Barisal-Jhalokati-Kanthalia,Barisal,Jhalokati,Kanthalia,http://dphe.kathalia.jhalakathi.gov.bd/en,3,1
Barisal-Jhalokati-Nalchity,Barisal,Jhalokati,Nalchity,http://dphe.nalchity.jhalakathi.gov.bd/en,6,4
Barisal-Jhalokati-Rajapur,Barisal,Jhalokati,Rajapur,http://dphe.rajapur.jhalakathi.gov.bd/en,5,2
Barisal-Patuakhali-Bauphal,Barisal,Patuakhali,Bauphal,http://dphe.bauphal.patuakhali.gov.bd/en,1,0
Barisal-Patuakhali-Dashmina,Barisal,Patuakhali,Dashmina,http://dphe.dashmina.patuakhali.gov.bd/en,6,6
Barisal-Patuakhali-Dumki,Barisal,Patuakhali,Dumki,http://dphe.dumki.patuakhali.gov.bd/en,0,0
Barisal-Patuakhali-Galachipa,Barisal,Patuakhali,Galachipa,http://dphe.galachipa.patuakhali.gov.bd/en,4,3
Barisal-Patuakhali-Kala Para,Barisal,Patuakhali,Kala Para,http://dphe.kalapara.patuakhali.gov.bd/en,6,4
Barisal-Patuakhali-Mirzaganj,Barisal,Patuakhali,Mirzaganj,http://dphe.mirzaganj.patuakhali.gov.bd/en,6,3
Barisal-Patuakhali-Patuakhali Sadar,Barisal,Patuakhali,Patuakhali Sadar,http://dphe.sadar.patuakhali.gov.bd/en,10,1
Barisal-Pirojpur-Bhandaria,Barisal,Pirojpur,Bhandaria,http://dphe.bhandaria.pirojpur.gov.bd/en,7,3
Barisal-Pirojpur-Kawkhali,Barisal,Pirojpur,Kawkhali,http://dphe.kawkhali.pirojpur.gov.bd/en,6,1
Barisal-Pirojpur-Mathbaria,Barisal,Pirojpur,Mathbaria,http://dphe.mathbaria.pirojpur.gov.bd/en,7,5
Barisal-Pirojpur-Nazirpur,Barisal,Pirojpur,Nazirpur,http://dphe.nazirpur.pirojpur.gov.bd/en,10,4
Barisal-Pirojpur-Nesarabad (Swarupkati),Barisal,Pirojpur,Nesarabad (Swarupkati),http://dphe.nesarabad.pirojpur.gov.bd/en,2,2
Barisal-Pirojpur-Pirojpur Sadar,Barisal,Pirojpur,Pirojpur Sadar,http://dphe.sadar.pirojpur.gov.bd/en,9,1
Barisal-Pirojpur-Zianagar,Barisal,Pirojpur,Zianagar,http://dphe.zianagar.pirojpur.gov.bd/en,0,0
Chittagong-Bandarban-Alikadam,Chittagong,Bandarban,Alikadam,http://dphe.alikadam.bandarban.gov.bd/en,6,3
Chittagong-Bandarban-Bandarban Sadar,Chittagong,Bandarban,Bandarban Sadar,http://dphe.sadar.bandarban.gov.bd/en,8,4
Chittagong-Bandarban-Lama,Chittagong,Bandarban,Lama,http://dphe.lama.bandarban.gov.bd/en,9,2
Chittagong-Bandarban-Naikhongchhari,Chittagong,Bandarban,Naikhongchhari,http://dphe.naikhongchhari.bandarban.gov.bd/en,8,4
Chittagong-Bandarban-Rowangchhari,Chittagong,Bandarban,Rowangchhari,http://dphe.rowangchhari.bandarban.gov.bd/en,4,2
Chittagong-Bandarban-Ruma,Chittagong,Bandarban,Ruma,http://dphe.ruma.bandarban.gov.bd/en,3,0
Chittagong-Bandarban-Thanchi,Chittagong,Bandarban,Thanchi,http://dphe.thanchi.bandarban.gov.bd/en,3,2
Chittagong-Brahamanbaria-Akhaura,Chittagong,Brahamanbaria,Akhaura,http://dphe.akhaura.brahmanbaria.gov.bd/en,10,2
Chittagong-Brahamanbaria-Ashuganj,Chittagong,Brahamanbaria,Ashuganj,http://dphe.ashuganj.brahmanbaria.gov.bd/en,7,2
Chittagong-Brahamanbaria-Banchharampur,Chittagong,Brahamanbaria,Banchharampur,http://dphe.bancharampur.brahmanbaria.gov.bd/en,9,4
Chittagong-Brahamanbaria-Bijoynagar,Chittagong,Brahamanbaria,Bijoynagar,http://dphe.bijoynagar.brahmanbaria.gov.bd/en,6,1
Chittagong-Brahamanbaria-Brahmanbaria Sadar,Chittagong,Brahamanbaria,Brahmanbaria Sadar,http://dphe.sadar.brahmanbaria.gov.bd/en,8,2
Chittagong-Brahamanbaria-Kasba,Chittagong,Brahamanbaria,Kasba,http://dphe.kasba.brahmanbaria.gov.bd/en,6,1
Chittagong-Brahamanbaria-Nabinagar,Chittagong,Brahamanbaria,Nabinagar,http://dphe.nabinagar.brahmanbaria.gov.bd/en,9,2
Chittagong-Brahamanbaria-Nasirnagar,Chittagong,Brahamanbaria,Nasirnagar,http://dphe.nasirnagar.brahmanbaria.gov.bd/en,10,10
Chittagong-Brahamanbaria-Sarail,Chittagong,Brahamanbaria,Sarail,http://dphe.sarail.brahmanbaria.gov.bd/en,11,7
Chittagong-Chandpur-Chandpur Sadar,Chittagong,Chandpur,Chandpur Sadar,http://dphe.sadar.chandpur.gov.bd/en,8,4
Chittagong-Chandpur-Faridganj,Chittagong,Chandpur,Faridganj,http://dphe.faridgonj.chandpur.gov.bd/en,9,5
Chittagong-Chandpur-Haim Char,Chittagong,Chandpur,Haim Char,http://dphe.haimchar.chandpur.gov.bd/en,5,3
Chittagong-Chandpur-Hajiganj,Chittagong,Chandpur,Hajiganj,http://dphe.hajiganj.chandpur.gov.bd/en,9,3
Chittagong-Chandpur-Kachua,Chittagong,Chandpur,Kachua,http://dphe.kachua.chandpur.gov.bd/en,8,3
Chittagong-Chandpur-Matlab Dakshin,Chittagong,Chandpur,Matlab Dakshin,http://dphe.matlabsouth.chandpur.gov.bd/en,7,1
Chittagong-Chandpur-Matlab Uttar,Chittagong,Chandpur,Matlab Uttar,http://dphe.matlabnorth.chandpur.gov.bd/en,6,2
Chittagong-Chandpur-Shahrasti,Chittagong,Chandpur,Shahrasti,http://dphe.shahrasti.chandpur.gov.bd/en,7,1
Chittagong-Chittagong-Anowara,Chittagong,Chittagong,Anowara,http://dphe.anwara.chittagong.gov.bd/en,7,2
Chittagong-Chittagong-Bakalia,Chittagong,Chittagong,Bakalia,http://dphe.bakalia.chittagong.gov.bd/en,0,0
Chittagong-Chittagong-Banshkhali,Chittagong,Chittagong,Banshkhali,http://dphe.banshkhali.chittagong.gov.bd/en,6,1
Chittagong-Chittagong-Bayejid Bostami,Chittagong,Chittagong,Bayejid Bostami,http://dphe.bayejidbostami.chittagong.gov.bd/en,0,0
Chittagong-Chittagong-Boalkhali,Chittagong,Chittagong,Boalkhali,http://dphe.boalkhali.chittagong.gov.bd/en,9,3
Chittagong-Chittagong-Chandanaish,Chittagong,Chittagong,Chandanaish,http://dphe.chandanaish.chittagong.gov.bd/en,8,3
Chittagong-Chittagong-Chandgaon,Chittagong,Chittagong,Chandgaon,http://dphe.chandgaon.chittagong.gov.bd/en,0,0
Chittagong-Chittagong-Fatikchhari,Chittagong,Chittagong,Fatikchhari,http://dphe.fatikchhari.chittagong.gov.bd/en,10,4
Chittagong-Chittagong-Hathazari,Chittagong,Chittagong,Hathazari,http://dphe.hathazari.chittagong.gov.bd/en,11,3
Chittagong-Chittagong-Khulshi,Chittagong,Chittagong,Khulshi,http://dphe.khulshi.chittagong.gov.bd/en,0,0
Chittagong-Chittagong-Lohagara,Chittagong,Chittagong,Lohagara,http://dphe.lohagara.chittagong.gov.bd/en,8,4
Chittagong-Chittagong-Mirsharai,Chittagong,Chittagong,Mirsharai,http://dphe.mirsharai.chittagong.gov.bd/en,9,4
Chittagong-Chittagong-Pahartali,Chittagong,Chittagong,Pahartali,http://dphe.pahartali.chittagong.gov.bd/en,0,0
Chittagong-Chittagong-Patiya,Chittagong,Chittagong,Patiya,http://dphe.patiya.chittagong.gov.bd/en,1,1
Chittagong-Chittagong-Rangunia,Chittagong,Chittagong,Rangunia,http://dphe.rangunia.chittagong.gov.bd/en,1,1
Chittagong-Chittagong-Raozan,Chittagong,Chittagong,Raozan,http://dphe.raozan.chittagong.gov.bd/en,7,2
Chittagong-Chittagong-Sandwip,Chittagong,Chittagong,Sandwip,http://dphe.sandwip.chittagong.gov.bd/en,9,2
Chittagong-Chittagong-Satkania,Chittagong,Chittagong,Satkania,http://dphe.satkania.chittagong.gov.bd/en,7,3
Chittagong-Chittagong-Sitakunda,Chittagong,Chittagong,Sitakunda,http://dphe.sitakunda.chittagong.gov.bd/en,9,5
Chittagong-Comilla-Barura,Chittagong,Comilla,Barura,http://dphe.barura.comilla.gov.bd/en,6,1
Chittagong-Comilla-Brahman Para,Chittagong,Comilla,Brahman Para,http://dphe.brahmanpara.comilla.gov.bd/en,7,1
Chittagong-Comilla-Burichang,Chittagong,Comilla,Burichang,http://dphe.burichang.comilla.gov.bd/en,8,4
Chittagong-Comilla-Chandina,Chittagong,Comilla,Chandina,http://dphe.chandina.comilla.gov.bd/en,9,1
Chittagong-Comilla-Chauddagram,Chittagong,Comilla,Chauddagram,http://dphe.chauddagram.comilla.gov.bd/en,3,1
Chittagong-Comilla-Comilla Adarsha Sadar,Chittagong,Comilla,Comilla Adarsha Sadar,http://dphe.comillasadar.comilla.gov.bd/en,7,2
Chittagong-Comilla-Comilla Sadar Dakshin,Chittagong,Comilla,Comilla Sadar Dakshin,http://dphe.sadarsouth.comilla.gov.bd/en,9,2
Chittagong-Comilla-Daudkandi,Chittagong,Comilla,Daudkandi,http://dphe.daudkandi.comilla.gov.bd/en,9,5
Chittagong-Comilla-Debidwar,Chittagong,Comilla,Debidwar,http://dphe.debidwar.comilla.gov.bd/en,2,1
Chittagong-Comilla-Homna,Chittagong,Comilla,Homna,http://dphe.homna.comilla.gov.bd/en,13,3
Chittagong-Comilla-Laksam,Chittagong,Comilla,Laksam,http://dphe.laksam.comilla.gov.bd/en,3,2
Chittagong-Comilla-Manoharganj,Chittagong,Comilla,Manoharganj,http://dphe.monohargonj.comilla.gov.bd/en,5,3
Chittagong-Comilla-Meghna,Chittagong,Comilla,Meghna,http://dphe.meghna.comilla.gov.bd/en,7,1
Chittagong-Comilla-Muradnagar,Chittagong,Comilla,Muradnagar,http://dphe.muradnagar.comilla.gov.bd/en,7,2
Chittagong-Comilla-Nangalkot,Chittagong,Comilla,Nangalkot,http://dphe.nangalkot.comilla.gov.bd/en,8,5
Chittagong-Comilla-Titas,Chittagong,Comilla,Titas,http://dphe.titas.comilla.gov.bd/en,8,2
Chittagong-Cox's Bazar-Chakaria,Chittagong,Cox's Bazar,Chakaria,http://dphe.chakaria.coxsbazar.gov.bd/en,14,4
Chittagong-Cox's Bazar-Cox's Bazar Sadar,Chittagong,Cox's Bazar,Cox's Bazar Sadar,http://dphe.sadar.coxsbazar.gov.bd/en,20,8
Chittagong-Cox's Bazar-Kutubdia,Chittagong,Cox's Bazar,Kutubdia,http://dphe.kutubdia.coxsbazar.gov.bd/en,14,2
Chittagong-Cox's Bazar-Maheshkhali,Chittagong,Cox's Bazar,Maheshkhali,http://dphe.maheshkhali.coxsbazar.gov.bd/en,0,0
Chittagong-Cox's Bazar-Pekua,Chittagong,Cox's Bazar,Pekua,http://dphe.pekua.coxsbazar.gov.bd/en,14,6
Chittagong-Cox's Bazar-Ramu,Chittagong,Cox's Bazar,Ramu,http://dphe.ramu.coxsbazar.gov.bd/en,22,2
Chittagong-Cox's Bazar-Teknaf,Chittagong,Cox's Bazar,Teknaf,http://dphe.teknaf.coxsbazar.gov.bd/en,16,4
Chittagong-Cox's Bazar-Ukhia,Chittagong,Cox's Bazar,Ukhia,http://dphe.ukhiya.coxsbazar.gov.bd/en,16,14
Chittagong-Feni-Chhagalnaiya,Chittagong,Feni,Chhagalnaiya,http://dphe.chhagalnaiya.feni.gov.bd/en,4,1
Chittagong-Feni-Daganbhuiyan,Chittagong,Feni,Daganbhuiyan,http://dphe.daganbhuiyan.feni.gov.bd/en,6,1
Chittagong-Feni-Feni Sadar,Chittagong,Feni,Feni Sadar,http://dphe.sadar.feni.gov.bd/en,9,9
Chittagong-Feni-Fulgazi,Chittagong,Feni,Fulgazi,http://dphe.fulgazi.feni.gov.bd/en,6,4
Chittagong-Feni-Parshuram,Chittagong,Feni,Parshuram,http://dphe.parshuram.feni.gov.bd/en,4,2
Chittagong-Feni-Sonagazi,Chittagong,Feni,Sonagazi,http://dphe.sonagazi.feni.gov.bd/en,9,1
Chittagong-Khagrachhari-Dighinala,Chittagong,Khagrachhari,Dighinala,http://dphe.dighinala.khagrachhari.gov.bd/en,6,6
Chittagong-Khagrachhari-Khagrachhari Sadar,Chittagong,Khagrachhari,Khagrachhari Sadar,http://dphe.sadar.khagrachhari.gov.bd/en,7,4
Chittagong-Khagrachhari-Lakshmichhari,Chittagong,Khagrachhari,Lakshmichhari,http://dphe.lakshmichhari.khagrachhari.gov.bd/en,0,0
Chittagong-Khagrachhari-Mahalchhari,Chittagong,Khagrachhari,Mahalchhari,http://dphe.mahalchhari.khagrachhari.gov.bd/en,0,0
Chittagong-Khagrachhari-Manikchhari,Chittagong,Khagrachhari,Manikchhari,http://dphe.manikchhari.khagrachhari.gov.bd/en,0,0
Chittagong-Khagrachhari-Matiranga,Chittagong,Khagrachhari,Matiranga,http://dphe.matiranga.khagrachhari.gov.bd/en,6,1
Chittagong-Khagrachhari-Panchhari,Chittagong,Khagrachhari,Panchhari,http://dphe.panchhari.khagrachhari.gov.bd/en,0,0
Chittagong-Khagrachhari-Ramgarh,Chittagong,Khagrachhari,Ramgarh,http://dphe.ramgarh.khagrachhari.gov.bd/en,9,7
Chittagong-Lakshmipur-Kamalnagar,Chittagong,Lakshmipur,Kamalnagar,http://dphe.kamalnagar.lakshmipur.gov.bd/en,7,1
Chittagong-Lakshmipur-Lakshmipur Sadar,Chittagong,Lakshmipur,Lakshmipur Sadar,http://dphe.sadar.lakshmipur.gov.bd/en,10,4
Chittagong-Lakshmipur-Ramganj,Chittagong,Lakshmipur,Ramganj,http://dphe.ramganj.lakshmipur.gov.bd/en,10,1
Chittagong-Lakshmipur-Ramgati,Chittagong,Lakshmipur,Ramgati,http://dphe.ramgati.lakshmipur.gov.bd/en,7,3
Chittagong-Lakshmipur-Roypur,Chittagong,Lakshmipur,Roypur,http://dphe.roypur.lakshmipur.gov.bd/en,0,0
Chittagong-Noakhali-Begumganj,Chittagong,Noakhali,Begumganj,http://dphe.begumganj.noakhali.gov.bd/en,3,2
Chittagong-Noakhali-Chatkhil,Chittagong,Noakhali,Chatkhil,http://dphe.chatkhil.noakhali.gov.bd/en,8,1
Chittagong-Noakhali-Companiganj,Chittagong,Noakhali,Companiganj,http://dphe.companiganj.noakhali.gov.bd/en,10,2
Chittagong-Noakhali-Hatiya,Chittagong,Noakhali,Hatiya,http://dphe.hatiya.noakhali.gov.bd/en,0,0
Chittagong-Noakhali-Kabirhat,Chittagong,Noakhali,Kabirhat,http://dphe.kabirhat.noakhali.gov.bd/en,4,2
Chittagong-Noakhali-Noakhali Sadar (Sudharam),Chittagong,Noakhali,Noakhali Sadar (Sudharam),http://dphe.sadar.noakhali.gov.bd/en,6,2
Chittagong-Noakhali-Senbagh,Chittagong,Noakhali,Senbagh,http://dphe.senbagh.noakhali.gov.bd/en,0,0
Chittagong-Noakhali-Sonaimuri,Chittagong,Noakhali,Sonaimuri,http://dphe.sonaimuri.noakhali.gov.bd/en,6,3
Chittagong-Noakhali-Subarnachar,Chittagong,Noakhali,Subarnachar,http://dphe.subarnachar.noakhali.gov.bd/en,7,3
Chittagong-Rangamati-Baghai Chhari,Chittagong,Rangamati,Baghai Chhari,http://dphe.baghaichari.rangamati.gov.bd/en,9,1
Chittagong-Rangamati-Barkal,Chittagong,Rangamati,Barkal,http://dphe.barkal.rangamati.gov.bd/en,5,1
Chittagong-Rangamati-Belai Chhari,Chittagong,Rangamati,Belai Chhari,http://dphe.belaichari.rangamati.gov.bd/en,5,1
Chittagong-Rangamati-Jurai Chhari,Chittagong,Rangamati,Jurai Chhari,http://dphe.juraichari.rangamati.gov.bd/en,3,1
Chittagong-Rangamati-Kaptai,Chittagong,Rangamati,Kaptai,http://dphe.kaptai.rangamati.gov.bd/en,9,2
Chittagong-Rangamati-Kawkhali (Betbunia),Chittagong,Rangamati,Kawkhali (Betbunia),http://dphe.kawkhali.rangamati.gov.bd/en,7,1
Chittagong-Rangamati-Langadu,Chittagong,Rangamati,Langadu,http://dphe.langadu.rangamati.gov.bd/en,8,2
Chittagong-Rangamati-Naniarchar,Chittagong,Rangamati,Naniarchar,http://dphe.naniarchar.rangamati.gov.bd/en,6,2
Chittagong-Rangamati-Rajasthali,Chittagong,Rangamati,Rajasthali,http://dphe.rajasthali.rangamati.gov.bd/en,6,2
Chittagong-Rangamati-Rangamati Sadar,Chittagong,Rangamati,Rangamati Sadar,http://dphe.sadar.rangamati.gov.bd/en,8,1
Dhaka-Dhaka-Adabor,Dhaka,Dhaka,Adabor,http://dphe.adabor.dhaka.gov.bd/en,0,0
Dhaka-Dhaka-Badda,Dhaka,Dhaka,Badda,http://dphe.badda.dhaka.gov.bd/en,0,0
Dhaka-Dhaka-Bangshal,Dhaka,Dhaka,Bangshal,http://dphe.bangshal.dhaka.gov.bd/en,0,0
Dhaka-Dhaka-Biman Bandar,Dhaka,Dhaka,Biman Bandar,http://dphe.bimanbandar.dhaka.gov.bd/en,0,0
Dhaka-Dhaka-Cantonment,Dhaka,Dhaka,Cantonment,http://dphe.cantonment.dhaka.gov.bd/en,0,0
Dhaka-Dhaka-Chak Bazar,Dhaka,Dhaka,Chak Bazar,http://dphe.chakbazar.dhaka.gov.bd/en,0,0
Dhaka-Dhaka-Dakshinkhan,Dhaka,Dhaka,Dakshinkhan,http://dphe.dakshinkhan.dhaka.gov.bd/en,0,0
Dhaka-Dhaka-Darus Salam,Dhaka,Dhaka,Darus Salam,http://dphe.darussalam.dhaka.gov.bd/en,0,0
Dhaka-Dhaka-Demra,Dhaka,Dhaka,Demra,http://dphe.demra.dhaka.gov.bd/en,0,0
Dhaka-Dhaka-Dhamrai,Dhaka,Dhaka,Dhamrai,http://dphe.dhamrai.dhaka.gov.bd/en,8,3
Dhaka-Dhaka-Dhanmondi,Dhaka,Dhaka,Dhanmondi,http://dphe.dhanmondi.dhaka.gov.bd/en,0,0
Dhaka-Dhaka-Dohar,Dhaka,Dhaka,Dohar,http://dphe.dohar.dhaka.gov.bd/en,8,3
Dhaka-Dhaka-Gendaria,Dhaka,Dhaka,Gendaria,http://dphe.gendaria.dhaka.gov.bd/en,0,0
Dhaka-Dhaka-Gulshan,Dhaka,Dhaka,Gulshan,http://dphe.gulshan.dhaka.gov.bd/en,0,0
Dhaka-Dhaka-Hazaribagh,Dhaka,Dhaka,Hazaribagh,http://dphe.hazaribagh.dhaka.gov.bd/en,0,0
Dhaka-Dhaka-Jatrabari,Dhaka,Dhaka,Jatrabari,http://dphe.jatrabari.dhaka.gov.bd/en,0,0
Dhaka-Dhaka-Kadamtali,Dhaka,Dhaka,Kadamtali,http://dphe.kadamtali.dhaka.gov.bd/en,0,0
Dhaka-Dhaka-Kafrul,Dhaka,Dhaka,Kafrul,http://dphe.kafrul.dhaka.gov.bd/en,0,0
Dhaka-Dhaka-Kalabagan,Dhaka,Dhaka,Kalabagan,http://dphe.kalabagan.dhaka.gov.bd/en,0,0
Dhaka-Dhaka-Kamrangir Char,Dhaka,Dhaka,Kamrangir Char,http://dphe.kamrangirchar.dhaka.gov.bd/en,0,0
Dhaka-Dhaka-Keraniganj,Dhaka,Dhaka,Keraniganj,http://dphe.keraniganj.dhaka.gov.bd/en,9,5
Dhaka-Dhaka-Khilgaon,Dhaka,Dhaka,Khilgaon,http://dphe.khilgaon.dhaka.gov.bd/en,0,0
Dhaka-Dhaka-Khilkhet,Dhaka,Dhaka,Khilkhet,http://dphe.khilkhet.dhaka.gov.bd/en,0,0
Dhaka-Dhaka-Kotwali,Dhaka,Dhaka,Kotwali,http://dphe.kotwali.dhaka.gov.bd/en,0,0
Dhaka-Dhaka-Lalbagh,Dhaka,Dhaka,Lalbagh,http://dphe.lalbagh.dhaka.gov.bd/en,0,0
Dhaka-Dhaka-Mirpur,Dhaka,Dhaka,Mirpur,http://dphe.mirpur.dhaka.gov.bd/en,0,0
Dhaka-Dhaka-Mohammadpur,Dhaka,Dhaka,Mohammadpur,http://dphe.mohammadpur.dhaka.gov.bd/en,0,0
Dhaka-Dhaka-Motijheel,Dhaka,Dhaka,Motijheel,http://dphe.motijheel.dhaka.gov.bd/en,0,0
Dhaka-Dhaka-Nawabganj,Dhaka,Dhaka,Nawabganj,"http://dphe.nawabganj.dhaka,gov.bd/en",9,0
Dhaka-Dhaka-New Market,Dhaka,Dhaka,New Market,http://dphe.newmarket.dhaka.gov.bd/en,0,0
Dhaka-Dhaka-Pallabi,Dhaka,Dhaka,Pallabi,http://dphe.pallabi.dhaka.gov.bd/en,0,0
Dhaka-Dhaka-Paltan,Dhaka,Dhaka,Paltan,http://dphe.paltan.dhaka.gov.bd/en,0,0
Dhaka-Dhaka-Ramna,Dhaka,Dhaka,Ramna,http://dphe.ramna.dhaka.gov.bd/en,0,0
Dhaka-Dhaka-Rampura,Dhaka,Dhaka,Rampura,http://dphe.rampura.dhaka.gov.bd/en,0,0
Dhaka-Dhaka-Sabujbagh,Dhaka,Dhaka,Sabujbagh,http://dphe.sabujbagh.dhaka.gov.bd/en,0,0
Dhaka-Dhaka-Savar,Dhaka,Dhaka,Savar,"http://dphe.savar.dhaka,gov.bd/en",10,5
Dhaka-Dhaka-Shah Ali,Dhaka,Dhaka,Shah Ali,http://dphe.shahali.dhaka.gov.bd/en,0,0
Dhaka-Dhaka-Shahbagh,Dhaka,Dhaka,Shahbagh,http://dphe.shahbagh.dhaka.gov.bd/en,0,0
Dhaka-Dhaka-Sher,Dhaka,Dhaka,Sher,http://dphe.sher.dhaka.gov.bd/en,0,0
Dhaka-Dhaka-Shyampur,Dhaka,Dhaka,Shyampur,http://dphe.shyampur.dhaka.gov.bd/en,0,0
Dhaka-Dhaka-Sutrapur,Dhaka,Dhaka,Sutrapur,http://dphe.sutrapur.dhaka.gov.bd/en,0,0
Dhaka-Dhaka-Tejgaon,Dhaka,Dhaka,Tejgaon,http://dphe.tejgaon.dhaka.gov.bd/en,0,0
Dhaka-Dhaka-Tejgaon Ind. Area,Dhaka,Dhaka,Tejgaon Ind. Area,http://dphe.tejgaonind.area.dhaka.gov.bd/en,0,0
Dhaka-Dhaka-Turag,Dhaka,Dhaka,Turag,http://dphe.turag.dhaka.gov.bd/en,0,0
Dhaka-Dhaka-Uttar Khan,Dhaka,Dhaka,Uttar Khan,http://dphe.uttarkhan.dhaka.gov.bd/en,0,0
Dhaka-Dhaka-Uttara,Dhaka,Dhaka,Uttara,http://dphe.uttara.dhaka.gov.bd/en,0,0
Dhaka-Faridpur-Alfadanga,Dhaka,Faridpur,Alfadanga,http://dphe.alfadanga.faridpur.gov.bd/en,10,4
Dhaka-Faridpur-Bhanga,Dhaka,Faridpur,Bhanga,http://dphe.bhanga.faridpur.gov.bd/en,3,1
Dhaka-Faridpur-Boalmari,Dhaka,Faridpur,Boalmari,http://dphe.boalmari.faridpur.gov.bd/en,12,1
Dhaka-Faridpur-Char Bhadrasan,Dhaka,Faridpur,Char Bhadrasan,http://dphe.charbhadrasan.faridpur.gov.bd/en,7,1
Dhaka-Faridpur-Faridpur Sadar,Dhaka,Faridpur,Faridpur Sadar,http://dphe.sadar.faridpur.gov.bd/en,7,5
Dhaka-Faridpur-Madhukhali,Dhaka,Faridpur,Madhukhali,http://dphe.madhukhali.faridpur.gov.bd/en,5,3
Dhaka-Faridpur-Nagarkanda,Dhaka,Faridpur,Nagarkanda,http://dphe.nagarkanda.faridpur.gov.bd/en,6,3
Dhaka-Faridpur-Sadarpur,Dhaka,Faridpur,Sadarpur,http://dphe.sadarpur.faridpur.gov.bd/en,8,2
Dhaka-Faridpur-Saltha,Dhaka,Faridpur,Saltha,http://dphe.saltha.faridpur.gov.bd/en,7,7
Dhaka-Gazipur-Gazipur Sadar,Dhaka,Gazipur,Gazipur Sadar,http://dphe.sadar.gazipur.gov.bd/en,4,3
Dhaka-Gazipur-Kaliakair,Dhaka,Gazipur,Kaliakair,http://dphe.kaliakair.gazipur.gov.bd/en,8,1
Dhaka-Gazipur-Kaliganj,Dhaka,Gazipur,Kaliganj,http://dphe.kaliganj.gazipur.gov.bd/en,0,0
Dhaka-Gazipur-Kapasia,Dhaka,Gazipur,Kapasia,http://dphe.kapasia.gazipur.gov.bd/en,9,2
Dhaka-Gazipur-Sreepur,Dhaka,Gazipur,Sreepur,http://dphe.sreepur.gazipur.gov.bd/en,5,1
Dhaka-Gopalganj-Gopalganj Sadar,Dhaka,Gopalganj,Gopalganj Sadar,http://dphe.sadar.gopalganj.gov.bd/en,9,4
Dhaka-Gopalganj-Kashiani,Dhaka,Gopalganj,Kashiani,http://dphe.kashiani.gopalganj.gov.bd/en,7,3
Dhaka-Gopalganj-Kotali Para,Dhaka,Gopalganj,Kotali Para,http://dphe.kotalipara.gopalganj.gov.bd/en,9,2
Dhaka-Gopalganj-Muksudpur,Dhaka,Gopalganj,Muksudpur,http://dphe.muksudpur.gopalganj.gov.bd/en,13,3
Dhaka-Gopalganj-Tungi Para,Dhaka,Gopalganj,Tungi Para,http://dphe.tungipara.gopalganj.gov.bd/en,6,4
Dhaka-Kishoreganj-Austagram,Dhaka,Kishoreganj,Austagram,http://dphe.austagram.kishoreganj.gov.bd/en,6,1
Dhaka-Kishoreganj-Bajitpur,Dhaka,Kishoreganj,Bajitpur,http://dphe.bajitpur.kishoreganj.gov.bd/en,7,1
Dhaka-Kishoreganj-Bhairab,Dhaka,Kishoreganj,Bhairab,http://dphe.bhairab.kishoreganj.gov.bd/en,9,4
Dhaka-Kishoreganj-Hossainpur,Dhaka,Kishoreganj,Hossainpur,http://dphe.hossainpur.kishoreganj.gov.bd/en,9,0
Dhaka-Kishoreganj-Itna,Dhaka,Kishoreganj,Itna,http://dphe.itna.kishoreganj.gov.bd/en,7,1
Dhaka-Kishoreganj-Karimganj,Dhaka,Kishoreganj,Karimganj,http://dphe.karimganj.kishoreganj.gov.bd/en,0,0
Dhaka-Kishoreganj-Katiadi,Dhaka,Kishoreganj,Katiadi,http://dphe.katiadi.kishoreganj.gov.bd/en,3,1
Dhaka-Kishoreganj-Kishoreganj Sadar,Dhaka,Kishoreganj,Kishoreganj Sadar,http://dphe.sadar.kishoreganj.gov.bd/en,0,0
Dhaka-Kishoreganj-Kuliar Char,Dhaka,Kishoreganj,Kuliar Char,http://dphe.kuliarchar.kishoreganj.gov.bd/en,9,5
Dhaka-Kishoreganj-Mithamain,Dhaka,Kishoreganj,Mithamain,http://dphe.mithamain.kishoreganj.gov.bd/en,0,0
Dhaka-Kishoreganj-Nikli,Dhaka,Kishoreganj,Nikli,http://dphe.nikli.kishoreganj.gov.bd/en,9,2
Dhaka-Kishoreganj-Pakundia,Dhaka,Kishoreganj,Pakundia,http://dphe.pakundia.kishoreganj.gov.bd/en,10,1
Dhaka-Kishoreganj-Tarail,Dhaka,Kishoreganj,Tarail,http://dphe.tarail.kishoreganj.gov.bd/en,11,3
Dhaka-Madaripur-Kalkini,Dhaka,Madaripur,Kalkini,http://dphe.kalkini.madaripur.gov.bd/en,8,3
Dhaka-Madaripur-Madaripur Sadar,Dhaka,Madaripur,Madaripur Sadar,http://dphe.sadar.madaripur.gov.bd/en,7,2
Dhaka-Madaripur-Rajoir,Dhaka,Madaripur,Rajoir,http://dphe.rajoir.madaripur.gov.bd/en,5,4
Dhaka-Madaripur-Shib Char,Dhaka,Madaripur,Shib Char,http://dphe.shibchar.madaripur.gov.bd/en,11,1
Dhaka-Manikganj-Daulatpur,Dhaka,Manikganj,Daulatpur,http://dphe.daulatpur.manikganj.gov.bd/en,7,0
Dhaka-Manikganj-Ghior,Dhaka,Manikganj,Ghior,http://dphe.ghior.manikganj.gov.bd/en,0,0
Dhaka-Manikganj-Harirampur,Dhaka,Manikganj,Harirampur,http://dphe.harirampur.manikganj.gov.bd/en,9,2
Dhaka-Manikganj-Manikganj Sadar,Dhaka,Manikganj,Manikganj Sadar,http://dphe.sadar.manikganj.gov.bd/en,7,4
Dhaka-Manikganj-Saturia,Dhaka,Manikganj,Saturia,http://dphe.saturia.manikganj.gov.bd/en,7,2
Dhaka-Manikganj-Shibalaya,Dhaka,Manikganj,Shibalaya,http://dphe.shibalaya.manikganj.gov.bd/en,0,0
Dhaka-Manikganj-Singair,Dhaka,Manikganj,Singair,http://dphe.singair.manikganj.gov.bd/en,0,0
Dhaka-Munshiganj-Gazaria,Dhaka,Munshiganj,Gazaria,http://dphe.gazaria.munshiganj.gov.bd/en,0,0
Dhaka-Munshiganj-Lohajang,Dhaka,Munshiganj,Lohajang,http://dphe.lohajang.munshiganj.gov.bd/en,0,0
Dhaka-Munshiganj-Munshiganj Sadar,Dhaka,Munshiganj,Munshiganj Sadar,http://dphe.sadar.munshiganj.gov.bd/en,10,7
Dhaka-Munshiganj-Serajdikhan,Dhaka,Munshiganj,Serajdikhan,http://dphe.serajdikhan.munshiganj.gov.bd/en,0,0
Dhaka-Munshiganj-Sreenagar,Dhaka,Munshiganj,Sreenagar,http://dphe.sreenagar.munshiganj.gov.bd/en,8,1
Dhaka-Munshiganj-Tongibari,Dhaka,Munshiganj,Tongibari,http://dphe.tongibari.munshiganj.gov.bd/en,8,2
Dhaka-Narayanganj-Araihazar,Dhaka,Narayanganj,Araihazar,http://dphe.araihazar.narayanganj.gov.bd/en,9,1
Dhaka-Narayanganj-Bandar,Dhaka,Narayanganj,Bandar,http://dphe.bandar.narayanganj.gov.bd/en,10,2
Dhaka-Narayanganj-Narayanganj Sadar,Dhaka,Narayanganj,Narayanganj Sadar,http://dphe.sadar.narayanganj.gov.bd/en,0,0
Dhaka-Narayanganj-Rupganj,Dhaka,Narayanganj,Rupganj,http://dphe.rupganj.narayanganj.gov.bd/en,9,1
Dhaka-Narayanganj-Sonargaon,Dhaka,Narayanganj,Sonargaon,http://dphe.sonargaon.narayanganj.gov.bd/en,6,2
Dhaka-Narsingdi-Belabo,Dhaka,Narsingdi,Belabo,http://dphe.belabo.narsingdi.gov.bd/en,10,3
Dhaka-Narsingdi-Manohardi,Dhaka,Narsingdi,Manohardi,http://dphe.manohardi.narsingdi.gov.bd/en,0,0
Dhaka-Narsingdi-Narsingdi Sadar,Dhaka,Narsingdi,Narsingdi Sadar,http://dphe.sadar.narsingdi.gov.bd/en,0,0
Dhaka-Narsingdi-Palash,Dhaka,Narsingdi,Palash,http://dphe.palash.narsingdi.gov.bd/en,5,1
Dhaka-Narsingdi-Roypura,Dhaka,Narsingdi,Roypura,http://dphe.roypura.narsingdi.gov.bd/en,0,0
Dhaka-Narsingdi-Shibpur,Dhaka,Narsingdi,Shibpur,http://dphe.shibpur.narsingdi.gov.bd/en,11,1
Dhaka-Rajbari-Balia Kandi,Dhaka,Rajbari,Balia Kandi,http://dphe.baliakandi.rajbari.gov.bd/en,9,2
Dhaka-Rajbari-Goalandaghat,Dhaka,Rajbari,Goalandaghat,http://dphe.goalandaghat.rajbari.gov.bd/en,0,0
Dhaka-Rajbari-Kalukhali,Dhaka,Rajbari,Kalukhali,http://dphe.kalukhali.rajbari.gov.bd/en,8,2
Dhaka-Rajbari-Pangsha,Dhaka,Rajbari,Pangsha,http://dphe.pangsha.rajbari.gov.bd/en,0,0
Dhaka-Rajbari-Rajbari Sadar,Dhaka,Rajbari,Rajbari Sadar,http://dphe.sadar.rajbari.gov.bd/en,12,2
Dhaka-Shariatpur-Bhedarganj,Dhaka,Shariatpur,Bhedarganj,http://dphe.bhedarganj.shariatpur.gov.bd/en,7,4
Dhaka-Shariatpur-Damudya,Dhaka,Shariatpur,Damudya,http://dphe.damudya.shariatpur.gov.bd/en,11,6
Dhaka-Shariatpur-Gosairhat,Dhaka,Shariatpur,Gosairhat,http://dphe.gosairhat.shariatpur.gov.bd/en,7,1
Dhaka-Shariatpur-Naria,Dhaka,Shariatpur,Naria,http://dphe.naria.shariatpur.gov.bd/en,5,2
Dhaka-Shariatpur-Shariatpur Sadar,Dhaka,Shariatpur,Shariatpur Sadar,http://dphe.shariatpursadar.shariatpur.gov.bd/en,0,0
Dhaka-Shariatpur-Zanjira,Dhaka,Shariatpur,Zanjira,http://dphe.zanjira.shariatpur.gov.bd/en,0,0
Dhaka-Tangail-Basail,Dhaka,Tangail,Basail,http://dphe.basail.tangail.gov.bd/en,11,2
Dhaka-Tangail-Bhuapur,Dhaka,Tangail,Bhuapur,http://dphe.bhuapur.tangail.gov.bd/en,10,4
Dhaka-Tangail-Delduar,Dhaka,Tangail,Delduar,http://dphe.delduar.tangail.gov.bd/en,6,0
Dhaka-Tangail-Dhanbari,Dhaka,Tangail,Dhanbari,http://dphe.dhanbari.tangail.gov.bd/en,6,1
Dhaka-Tangail-Ghatail,Dhaka,Tangail,Ghatail,http://dphe.ghatail.tangail.gov.bd/en,8,3
Dhaka-Tangail-Gopalpur,Dhaka,Tangail,Gopalpur,http://dphe.gopalpur.tangail.gov.bd/en,7,2
Dhaka-Tangail-Kalihati,Dhaka,Tangail,Kalihati,http://dphe.kalihati.tangail.gov.bd/en,10,2
Dhaka-Tangail-Madhupur,Dhaka,Tangail,Madhupur,http://dphe.madhupur.tangail.gov.bd/en,13,3
Dhaka-Tangail-Mirzapur,Dhaka,Tangail,Mirzapur,http://dphe.mirzapur.tangail.gov.bd/en,7,3
Dhaka-Tangail-Nagarpur,Dhaka,Tangail,Nagarpur,http://dphe.nagarpur.tangail.gov.bd/en,1,1
Dhaka-Tangail-Sakhipur,Dhaka,Tangail,Sakhipur,http://dphe.sakhipur.tangail.gov.bd/en,10,1
Dhaka-Tangail-Tangail Sadar,Dhaka,Tangail,Tangail Sadar,http://dphe.sadar.tangail.gov.bd/en,0,0
Khulna-Bagerhat-Bagerhat Sadar,Khulna,Bagerhat,Bagerhat Sadar,http://dphe.sadar.bagerhat.gov.bd/en,8,1
Khulna-Bagerhat-Chitalmari,Khulna,Bagerhat,Chitalmari,http://dphe.chitalmari.bagerhat.gov.bd/en,7,1
Khulna-Bagerhat-Fakirhat,Khulna,Bagerhat,Fakirhat,http://dphe.fakirhat.bagerhat.gov.bd/en,9,1
Khulna-Bagerhat-Kachua,Khulna,Bagerhat,Kachua,http://dphe.kachua.bagerhat.gov.bd/en,1,1
Khulna-Bagerhat-Mollahat,Khulna,Bagerhat,Mollahat,http://dphe.mollahat.bagerhat.gov.bd/en,8,4
Khulna-Bagerhat-Mongla,Khulna,Bagerhat,Mongla,http://dphe.mongla.bagerhat.gov.bd/en,11,4
Khulna-Bagerhat-Morrelganj,Khulna,Bagerhat,Morrelganj,http://dphe.morrelganj.bagerhat.gov.bd/en,3,1
Khulna-Bagerhat-Rampal,Khulna,Bagerhat,Rampal,http://dphe.rampal.bagerhat.gov.bd/en,9,6
Khulna-Bagerhat-Sarankhola,Khulna,Bagerhat,Sarankhola,http://dphe.sarankhola.bagerhat.gov.bd/en,8,2
Khulna-Chuadanga-Alamdanga,Khulna,Chuadanga,Alamdanga,http://dphe.alamdanga.chuadanga.gov.bd/en,8,2
Khulna-Chuadanga-Chuadanga Sadar,Khulna,Chuadanga,Chuadanga Sadar,http://dphe.sadar.chuadanga.gov.bd/en,0,0
Khulna-Chuadanga-Damurhuda,Khulna,Chuadanga,Damurhuda,http://dphe.damurhuda.chuadanga.gov.bd/en,1,1
Khulna-Chuadanga-Jiban Nagar,Khulna,Chuadanga,Jiban Nagar,http://dphe.jibannagar.chuadanga.gov.bd/en,7,3
Khulna-Jessore-Abhaynagar,Khulna,Jessore,Abhaynagar,http://dphe.abhaynagar.jessore.gov.bd/en,8,3
Khulna-Jessore-Bagher Para,Khulna,Jessore,Bagher Para,http://dphe.bagherpara.jessore.gov.bd/en,7,2
Khulna-Jessore-Chaugachha,Khulna,Jessore,Chaugachha,http://dphe.chaugachha.jessore.gov.bd/en,0,0
Khulna-Jessore-Jhikargachha,Khulna,Jessore,Jhikargachha,http://dphe.jhikargachha.jessore.gov.bd/en,0,0
Khulna-Jessore-Keshabpur,Khulna,Jessore,Keshabpur,http://dphe.keshabpur.jessore.gov.bd/en,1,1
Khulna-Jessore-Kotwali,Khulna,Jessore,Kotwali,http://dphe.kotwali.jessore.gov.bd/en,0,0
Khulna-Jessore-Manirampur,Khulna,Jessore,Manirampur,http://dphe.manirampur.jessore.gov.bd/en,10,4
Khulna-Jessore-Sharsha,Khulna,Jessore,Sharsha,http://dphe.sharsha.jessore.gov.bd/en,1,1
Khulna-Jhenaidah-Harinakunda,Khulna,Jhenaidah,Harinakunda,http://dphe.harinakunda.jhenaidah.gov.bd/en,0,0
Khulna-Jhenaidah-Jhenaidah Sadar,Khulna,Jhenaidah,Jhenaidah Sadar,http://dphe.sadar.jhenaidah.gov.bd/en,10,3
Khulna-Jhenaidah-Kaliganj,Khulna,Jhenaidah,Kaliganj,http://dphe.kaliganj.jhenaidah.gov.bd/en,10,1
Khulna-Jhenaidah-Kotchandpur,Khulna,Jhenaidah,Kotchandpur,http://dphe.kotchandpur.jhenaidah.gov.bd/en,1,1
Khulna-Jhenaidah-Maheshpur,Khulna,Jhenaidah,Maheshpur,http://dphe.maheshpur.jhenaidah.gov.bd/en,0,0
Khulna-Jhenaidah-Shailkupa,Khulna,Jhenaidah,Shailkupa,http://dphe.shailkupa.jhenaidah.gov.bd/en,7,2
Khulna-Khulna-Batiaghata,Khulna,Khulna,Batiaghata,http://dphe.batiaghata.khulna.gov.bd/en,0,0
Khulna-Khulna-Dacope,Khulna,Khulna,Dacope,http://dphe.dacope.khulna.gov.bd/en,0,0
Khulna-Khulna-Daulatpur,Khulna,Khulna,Daulatpur,http://dphe.daulatpur.khulna.gov.bd/en,0,0
Khulna-Khulna-Dighalia,Khulna,Khulna,Dighalia,http://dphe.dighalia.khulna.gov.bd/en,0,0
Khulna-Khulna-Dumuria,Khulna,Khulna,Dumuria,http://dphe.dumuria.khulna.gov.bd/en,7,6
Khulna-Khulna-Khalishpur,Khulna,Khulna,Khalishpur,http://dphe.khalishpur.khulna.gov.bd/en,0,0
Khulna-Khulna-Khan Jahan Ali,Khulna,Khulna,Khan Jahan Ali,http://dphe.khanjahanali.khulna.gov.bd/en,0,0
Khulna-Khulna-Khulna Sadar,Khulna,Khulna,Khulna Sadar,http://dphe.khulnasadar.khulna.gov.bd/en,0,0
Khulna-Khulna-Koyra,Khulna,Khulna,Koyra,http://dphe.koyra.khulna.gov.bd/en,5,4
Khulna-Khulna-Paikgachha,Khulna,Khulna,Paikgachha,http://dphe.paikgachha.khulna.gov.bd/en,0,0
Khulna-Khulna-Phultala,Khulna,Khulna,Phultala,http://dphe.phultala.khulna.gov.bd/en,0,0
Khulna-Khulna-Rupsa,Khulna,Khulna,Rupsa,http://dphe.rupsa.khulna.gov.bd/en,0,0
Khulna-Khulna-Sonadanga,Khulna,Khulna,Sonadanga,http://dphe.sonadanga.khulna.gov.bd/en,0,0
Khulna-Khulna-Terokhada,Khulna,Khulna,Terokhada,http://dphe.terokhada.khulna.gov.bd/en,10,1
Khulna-Kushtia-Bheramara,Khulna,Kushtia,Bheramara,http://dphe.bheramara.kushtia.gov.bd/en,9,3
Khulna-Kushtia-Daulatpur,Khulna,Kushtia,Daulatpur,http://dphe.daulatpur.kushtia.gov.bd/en,8,1
Khulna-Kushtia-Khoksa,Khulna,Kushtia,Khoksa,http://dphe.khoksa.kushtia.gov.bd/en,1,1
Khulna-Kushtia-Kumarkhali,Khulna,Kushtia,Kumarkhali,http://dphe.kumarkhali.kushtia.gov.bd/en,8,1
Khulna-Kushtia-Kushtia Sadar,Khulna,Kushtia,Kushtia Sadar,http://dphe.sadar.kushtia.gov.bd/en,0,0
Khulna-Kushtia-Mirpur,Khulna,Kushtia,Mirpur,http://dphe.mirpur.kushtia.gov.bd/en,1,1
Khulna-Magura-Magura Sadar,Khulna,Magura,Magura Sadar,http://dphe.sadar.magura.gov.bd/en,0,0
Khulna-Magura-Mohammadpur,Khulna,Magura,Mohammadpur,http://dphe.mohammadpur.magura.gov.bd/en,8,4
Khulna-Magura-Shalikha,Khulna,Magura,Shalikha,http://dphe.shalikha.magura.gov.bd/en,6,3
Khulna-Magura-Sreepur,Khulna,Magura,Sreepur,http://dphe.sreepur.magura.gov.bd/en,1,1
Khulna-Meherpur-Gangni,Khulna,Meherpur,Gangni,http://dphe.gangni.meherpur.gov.bd/en,9,3
Khulna-Meherpur-Meherpur Sadar,Khulna,Meherpur,Meherpur Sadar,http://dphe.sadar.meherpur.gov.bd/en,0,0
Khulna-Meherpur-Mujib Nagar,Khulna,Meherpur,Mujib Nagar,http://dphe.mujibnagar.meherpur.gov.bd/en,3,2
Khulna-Narail-Kalia,Khulna,Narail,Kalia,http://dphe.kalia.narail.gov.bd/en,2,2
Khulna-Narail-Lohagara,Khulna,Narail,Lohagara,http://dphe.lohagara.narail.gov.bd/en,4,1
Khulna-Narail-Narail Sadar,Khulna,Narail,Narail Sadar,http://dphe.sadar.narail.gov.bd/en,0,0
Khulna-Satkhira-Assasuni,Khulna,Satkhira,Assasuni,http://dphe.assasuni.satkhira.gov.bd/en,8,2
Khulna-Satkhira-Debhata,Khulna,Satkhira,Debhata,http://dphe.debhata.satkhira.gov.bd/en,5,2
Khulna-Satkhira-Kalaroa,Khulna,Satkhira,Kalaroa,http://dphe.kalaroa.satkhira.gov.bd/en,1,1
Khulna-Satkhira-Kaliganj,Khulna,Satkhira,Kaliganj,http://dphe.kaliganj.satkhira.gov.bd/en,1,1
Khulna-Satkhira-Satkhira Sadar,Khulna,Satkhira,Satkhira Sadar,http://dphe.sadar.satkhira.gov.bd/en,0,0
Khulna-Satkhira-Shyamnagar,Khulna,Satkhira,Shyamnagar,http://dphe.shyamnagar.satkhira.gov.bd/en,1,1
Khulna-Satkhira-Tala,Khulna,Satkhira,Tala,http://dphe.tala.satkhira.gov.bd/en,10,2
Mymensingh-Jamalpur-Bakshiganj,Mymensingh,Jamalpur,Bakshiganj,http://dphe.bakshiganj.jamalpur.gov.bd/en,0,0
Mymensingh-Jamalpur-Dewanganj,Mymensingh,Jamalpur,Dewanganj,http://dphe.dewanganj.jamalpur.gov.bd/en,0,0
Mymensingh-Jamalpur-Islampur,Mymensingh,Jamalpur,Islampur,http://dphe.islampur.jamalpur.gov.bd/en,9,2
Mymensingh-Jamalpur-Jamalpur Sadar,Mymensingh,Jamalpur,Jamalpur Sadar,http://dphe.sadar.jamalpur.gov.bd/en,0,0
Mymensingh-Jamalpur-Madarganj,Mymensingh,Jamalpur,Madarganj,http://dphe.madarganj.jamalpur.gov.bd/en,5,1
Mymensingh-Jamalpur-Melandaha,Mymensingh,Jamalpur,Melandaha,http://dphe.melandaha.jamalpur.gov.bd/en,0,0
Mymensingh-Jamalpur-Sarishabari,Mymensingh,Jamalpur,Sarishabari,http://dphe.sarishabari.jamalpur.gov.bd/en,9,3
Mymensingh-Mymensingh-Bhaluka,Mymensingh,Mymensingh,Bhaluka,http://dphe.bhaluka.mymensingh.gov.bd/en,11,2
Mymensingh-Mymensingh-Dhobaura,Mymensingh,Mymensingh,Dhobaura,http://dphe.dhobaura.mymensingh.gov.bd/en,6,1
Mymensingh-Mymensingh-Fulbaria,Mymensingh,Mymensingh,Fulbaria,http://dphe.fulbaria.mymensingh.gov.bd/en,2,1
Mymensingh-Mymensingh-Gaffargaon,Mymensingh,Mymensingh,Gaffargaon,http://dphe.gaffargaon.mymensingh.gov.bd/en,0,0
Mymensingh-Mymensingh-Gauripur,Mymensingh,Mymensingh,Gauripur,http://dphe.gauripur.mymensingh.gov.bd/en,0,0
Mymensingh-Mymensingh-Haluaghat,Mymensingh,Mymensingh,Haluaghat,http://dphe.haluaghat.mymensingh.gov.bd/en,5,2
Mymensingh-Mymensingh-Ishwarganj,Mymensingh,Mymensingh,Ishwarganj,http://dphe.ishwarganj.mymensingh.gov.bd/en,0,0
Mymensingh-Mymensingh-Muktagachha,Mymensingh,Mymensingh,Muktagachha,http://dphe.muktagachha.mymensingh.gov.bd/en,0,0
Mymensingh-Mymensingh-Mymensingh Sadar,Mymensingh,Mymensingh,Mymensingh Sadar,http://dphe.sadar.mymensingh.gov.bd/en,0,0
Mymensingh-Mymensingh-Nandail,Mymensingh,Mymensingh,Nandail,http://dphe.nandail.mymensingh.gov.bd/en,9,1
Mymensingh-Mymensingh-Phulpur,Mymensingh,Mymensingh,Phulpur,http://dphe.phulpur.mymensingh.gov.bd/en,8,3
Mymensingh-Mymensingh-Trishal,Mymensingh,Mymensingh,Trishal,http://dphe.trishal.mymensingh.gov.bd/en,10,2
Mymensingh-Netrakona-Atpara,Mymensingh,Netrakona,Atpara,http://dphe.atpara.netrakona.gov.bd/en,0,0
Mymensingh-Netrakona-Barhatta,Mymensingh,Netrakona,Barhatta,http://dphe.barhatta.netrakona.gov.bd/en,0,0
Mymensingh-Netrakona-Durgapur,Mymensingh,Netrakona,Durgapur,http://dphe.durgapur.netrakona.gov.bd/en,0,0
Mymensingh-Netrakona-Kalmakanda,Mymensingh,Netrakona,Kalmakanda,http://dphe.kalmakanda.netrakona.gov.bd/en,0,0
Mymensingh-Netrakona-Kendua,Mymensingh,Netrakona,Kendua,http://dphe.kendua.netrakona.gov.bd/en,0,0
Mymensingh-Netrakona-Khaliajuri,Mymensingh,Netrakona,Khaliajuri,http://dphe.khaliajuri.netrakona.gov.bd/en,0,0
Mymensingh-Netrakona-Madan,Mymensingh,Netrakona,Madan,http://dphe.madan.netrakona.gov.bd/en,0,0
Mymensingh-Netrakona-Mohanganj,Mymensingh,Netrakona,Mohanganj,http://dphe.mohanganj.netrakona.gov.bd/en,0,0
Mymensingh-Netrakona-Netrokona Sadar,Mymensingh,Netrakona,Netrokona Sadar,http://dphe.sadar.netrakona.gov.bd/en,0,0
Mymensingh-Netrakona-Purbadhala,Mymensingh,Netrakona,Purbadhala,http://dphe.purbadhala.netrakona.gov.bd/en,0,0
Mymensingh-Sherpur-Jhenaigati,Mymensingh,Sherpur,Jhenaigati,http://dphe.jhenaigati.sherpur.gov.bd/en,9,1
Mymensingh-Sherpur-Nakla,Mymensingh,Sherpur,Nakla,http://dphe.nakla.sherpur.gov.bd/en,0,0
Mymensingh-Sherpur-Nalitabari,Mymensingh,Sherpur,Nalitabari,http://dphe.nalitabari.sherpur.gov.bd/en,6,2
Mymensingh-Sherpur-Sherpur Sadar,Mymensingh,Sherpur,Sherpur Sadar,http://dphe.sadar.sherpur.gov.bd/en,0,0
Mymensingh-Sherpur-Sreebardi,Mymensingh,Sherpur,Sreebardi,http://dphe.sreebardi.sherpur.gov.bd/en,0,0
Rajshahi-Bogra-Adamdighi,Rajshahi,Bogra,Adamdighi,http://dphe.adamdighi.bogra.gov.bd/en,8,2
Rajshahi-Bogra-Bogra Sadar,Rajshahi,Bogra,Bogra Sadar,http://dphe.sadar.bogra.gov.bd/en,10,3
Rajshahi-Bogra-Dhunat,Rajshahi,Bogra,Dhunat,http://dphe.dhunat.bogra.gov.bd/en,0,0
Rajshahi-Bogra-Dhupchanchia,Rajshahi,Bogra,Dhupchanchia,http://dphe.dhupchanchia.bogra.gov.bd/en,0,0
Rajshahi-Bogra-Gabtali,Rajshahi,Bogra,Gabtali,http://dphe.gabtali.bogra.gov.bd/en,13,3
Rajshahi-Bogra-Kahaloo,Rajshahi,Bogra,Kahaloo,http://dphe.kahaloo.bogra.gov.bd/en,3,1
Rajshahi-Bogra-Nandigram,Rajshahi,Bogra,Nandigram,http://dphe.nandigram.bogra.gov.bd/en,0,0
Rajshahi-Bogra-Sariakandi,Rajshahi,Bogra,Sariakandi,http://dphe.sariakandi.bogra.gov.bd/en,0,0
Rajshahi-Bogra-Shajahanpur,Rajshahi,Bogra,Shajahanpur,http://dphe.shajahanpur.bogra.gov.bd/en,7,2
Rajshahi-Bogra-Sherpur,Rajshahi,Bogra,Sherpur,http://dphe.sherpur.bogra.gov.bd/en,14,7
Rajshahi-Bogra-Shibganj,Rajshahi,Bogra,Shibganj,http://dphe.shibganj.bogra.gov.bd/en,8,4
Rajshahi-Bogra-Sonatola,Rajshahi,Bogra,Sonatola,http://dphe.sonatola.bogra.gov.bd/en,0,0
Rajshahi-Joypurhat-Akkelpur,Rajshahi,Joypurhat,Akkelpur,http://dphe.akkelpur.joypurhat.gov.bd/en,6,2
Rajshahi-Joypurhat-Joypurhat Sadar,Rajshahi,Joypurhat,Joypurhat Sadar,http://dphe.sadar.joypurhat.gov.bd/en,0,0
Rajshahi-Joypurhat-Kalai,Rajshahi,Joypurhat,Kalai,http://dphe.kalai.joypurhat.gov.bd/en,6,2
Rajshahi-Joypurhat-Khetlal,Rajshahi,Joypurhat,Khetlal,http://dphe.khetlal.joypurhat.gov.bd/en,7,7
Rajshahi-Joypurhat-Panchbibi,Rajshahi,Joypurhat,Panchbibi,http://dphe.panchbibi.joypurhat.gov.bd/en,6,2
Rajshahi-Naogaon-Atrai,Rajshahi,Naogaon,Atrai,http://dphe.atrai.naogaon.gov.bd/en,9,1
Rajshahi-Naogaon-Badalgachhi,Rajshahi,Naogaon,Badalgachhi,http://dphe.badalgachhi.naogaon.gov.bd/en,0,0
Rajshahi-Naogaon-Dhamoirhat,Rajshahi,Naogaon,Dhamoirhat,http://dphe.dhamoirhat.naogaon.gov.bd/en,8,5
Rajshahi-Naogaon-Mahadebpur,Rajshahi,Naogaon,Mahadebpur,http://dphe.mahadebpur.naogaon.gov.bd/en,0,0
Rajshahi-Naogaon-Manda,Rajshahi,Naogaon,Manda,http://dphe.manda.naogaon.gov.bd/en,10,3
Rajshahi-Naogaon-Naogaon Sadar,Rajshahi,Naogaon,Naogaon Sadar,http://dphe.sadar.naogaon.gov.bd/en,0,0
Rajshahi-Naogaon-Niamatpur,Rajshahi,Naogaon,Niamatpur,http://dphe.niamatpur.naogaon.gov.bd/en,10,4
Rajshahi-Naogaon-Patnitala,Rajshahi,Naogaon,Patnitala,http://dphe.patnitala.naogaon.gov.bd/en,4,2
Rajshahi-Naogaon-Porsha,Rajshahi,Naogaon,Porsha,http://dphe.porsha.naogaon.gov.bd/en,7,3
Rajshahi-Naogaon-Raninagar,Rajshahi,Naogaon,Raninagar,http://dphe.raninagar.naogaon.gov.bd/en,6,1
Rajshahi-Naogaon-Sapahar,Rajshahi,Naogaon,Sapahar,http://dphe.sapahar.naogaon.gov.bd/en,11,6
Rajshahi-Natore-Bagati Para,Rajshahi,Natore,Bagati Para,http://dphe.bagatipara.natore.gov.bd/en,10,4
Rajshahi-Natore-Baraigram,Rajshahi,Natore,Baraigram,http://dphe.baraigram.natore.gov.bd/en,9,2
Rajshahi-Natore-Gurudaspur,Rajshahi,Natore,Gurudaspur,http://dphe.gurudaspur.natore.gov.bd/en,10,3
Rajshahi-Natore-Lalpur,Rajshahi,Natore,Lalpur,http://dphe.lalpur.natore.gov.bd/en,9,2
Rajshahi-Natore-Natore Sadar,Rajshahi,Natore,Natore Sadar,http://dphe.sadar.natore.gov.bd/en,0,0
Rajshahi-Natore-Singra,Rajshahi,Natore,Singra,http://dphe.singra.natore.gov.bd/en,10,6
Rajshahi-Nawabganj-Bholahat,Rajshahi,Nawabganj,Bholahat,http://dphe.bholahat.nawabganj.gov.bd/en,0,0
Rajshahi-Nawabganj-Gomastapur,Rajshahi,Nawabganj,Gomastapur,http://dphe.gomastapur.nawabganj.gov.bd/en,0,0
Rajshahi-Nawabganj-Nachole,Rajshahi,Nawabganj,Nachole,http://dphe.nachole.nawabganj.gov.bd/en,0,0
Rajshahi-Nawabganj-Nawabganj Sadar,Rajshahi,Nawabganj,Nawabganj Sadar,http://dphe.sadar.nawabganj.gov.bd/en,0,0
Rajshahi-Nawabganj-Shibganj,Rajshahi,Nawabganj,Shibganj,http://dphe.shibganj.nawabganj.gov.bd/en,0,0
Rajshahi-Pabna-Atgharia,Rajshahi,Pabna,Atgharia,http://dphe.atgharia.pabna.gov.bd/en,0,0
Rajshahi-Pabna-Bera,Rajshahi,Pabna,Bera,http://dphe.bera.pabna.gov.bd/en,11,4
Rajshahi-Pabna-Bhangura,Rajshahi,Pabna,Bhangura,http://dphe.bhangura.pabna.gov.bd/en,4,4
Rajshahi-Pabna-Chatmohar,Rajshahi,Pabna,Chatmohar,http://dphe.chatmohar.pabna.gov.bd/en,11,11
Rajshahi-Pabna-Faridpur,Rajshahi,Pabna,Faridpur,http://dphe.faridpur.pabna.gov.bd/en,7,3
Rajshahi-Pabna-Ishwardi,Rajshahi,Pabna,Ishwardi,http://dphe.ishwardi.pabna.gov.bd/en,0,0
Rajshahi-Pabna-Pabna Sadar,Rajshahi,Pabna,Pabna Sadar,http://dphe.sadar.pabna.gov.bd/en,0,0
Rajshahi-Pabna-Santhia,Rajshahi,Pabna,Santhia,http://dphe.santhia.pabna.gov.bd/en,8,4
Rajshahi-Pabna-Sujanagar,Rajshahi,Pabna,Sujanagar,http://dphe.sujanagar.pabna.gov.bd/en,9,3
Rajshahi-Rajshahi-Bagha,Rajshahi,Rajshahi,Bagha,http://dphe.bagha.rajshahi.gov.bd/en,10,4
Rajshahi-Rajshahi-Baghmara,Rajshahi,Rajshahi,Baghmara,http://dphe.baghmara.rajshahi.gov.bd/en,0,0
Rajshahi-Rajshahi-Boalia,Rajshahi,Rajshahi,Boalia,http://dphe.boalia.rajshahi.gov.bd/en,0,0
Rajshahi-Rajshahi-Charghat,Rajshahi,Rajshahi,Charghat,http://dphe.charghat.rajshahi.gov.bd/en,5,2
Rajshahi-Rajshahi-Durgapur,Rajshahi,Rajshahi,Durgapur,http://dphe.durgapur.rajshahi.gov.bd/en,7,7
Rajshahi-Rajshahi-Godagari,Rajshahi,Rajshahi,Godagari,http://dphe.godagari.rajshahi.gov.bd/en,9,2
Rajshahi-Rajshahi-Matihar,Rajshahi,Rajshahi,Matihar,http://dphe.matihar.rajshahi.gov.bd/en,0,0
Rajshahi-Rajshahi-Mohanpur,Rajshahi,Rajshahi,Mohanpur,http://dphe.mohanpur.rajshahi.gov.bd/en,0,0
Rajshahi-Rajshahi-Paba,Rajshahi,Rajshahi,Paba,http://dphe.paba.rajshahi.gov.bd/en,7,3
Rajshahi-Rajshahi-Puthia,Rajshahi,Rajshahi,Puthia,http://dphe.puthia.rajshahi.gov.bd/en,8,1
Rajshahi-Rajshahi-Rajpara,Rajshahi,Rajshahi,Rajpara,http://dphe.rajpara.rajshahi.gov.bd/en,0,0
Rajshahi-Rajshahi-Shah Makhdum,Rajshahi,Rajshahi,Shah Makhdum,http://dphe.shahmakhdum.rajshahi.gov.bd/en,0,0
Rajshahi-Rajshahi-Tanore,Rajshahi,Rajshahi,Tanore,http://dphe.tanore.rajshahi.gov.bd/en,7,1
Rajshahi-Sirajganj-Belkuchi,Rajshahi,Sirajganj,Belkuchi,http://dphe.belkuchi.sirajganj.gov.bd/en,11,3
Rajshahi-Sirajganj-Chauhali,Rajshahi,Sirajganj,Chauhali,http://dphe.chauhali.sirajganj.gov.bd/en,7,2
Rajshahi-Sirajganj-Kamarkhanda,Rajshahi,Sirajganj,Kamarkhanda,http://dphe.kamarkhanda.sirajganj.gov.bd/en,0,0
Rajshahi-Sirajganj-Kazipur,Rajshahi,Sirajganj,Kazipur,http://dphe.kazipur.sirajganj.gov.bd/en,9,4
Rajshahi-Sirajganj-Royganj,Rajshahi,Sirajganj,Royganj,http://dphe.royganj.sirajganj.gov.bd/en,0,0
Rajshahi-Sirajganj-Shahjadpur,Rajshahi,Sirajganj,Shahjadpur,http://dphe.shahjadpur.sirajganj.gov.bd/en,12,2
Rajshahi-Sirajganj-Sirajganj Sadar,Rajshahi,Sirajganj,Sirajganj Sadar,http://dphe.sadar.sirajganj.gov.bd/en,0,0
Rajshahi-Sirajganj-Tarash,Rajshahi,Sirajganj,Tarash,http://dphe.tarash.sirajganj.gov.bd/en,7,1
Rajshahi-Sirajganj-Ullah Para,Rajshahi,Sirajganj,Ullah Para,http://dphe.ullahpara.sirajganj.gov.bd/en,0,0
Rangpur-Dinajpur-Biral,Rangpur,Dinajpur,Biral,http://dphe.biral.dinajpur.gov.bd/en,0,0
Rangpur-Dinajpur-Birampur,Rangpur,Dinajpur,Birampur,http://dphe.birampur.dinajpur.gov.bd/en,9,2
Rangpur-Dinajpur-Birganj,Rangpur,Dinajpur,Birganj,http://dphe.birganj.dinajpur.gov.bd/en,7,2
Rangpur-Dinajpur-Bochaganj,Rangpur,Dinajpur,Bochaganj,http://dphe.bochaganj.dinajpur.gov.bd/en,6,2
Rangpur-Dinajpur-Chirirbandar,Rangpur,Dinajpur,Chirirbandar,http://dphe.chirirbandar.dinajpur.gov.bd/en,10,4
Rangpur-Dinajpur-Dinajpur Sadar,Rangpur,Dinajpur,Dinajpur Sadar,http://dphe.sadar.dinajpur.gov.bd/en,0,0
Rangpur-Dinajpur-Fulbari,Rangpur,Dinajpur,Fulbari,http://dphe.fulbari.dinajpur.gov.bd/en,5,3
Rangpur-Dinajpur-Ghoraghat,Rangpur,Dinajpur,Ghoraghat,http://dphe.ghoraghat.dinajpur.gov.bd/en,6,2
Rangpur-Dinajpur-Hakimpur,Rangpur,Dinajpur,Hakimpur,http://dphe.hakimpur.dinajpur.gov.bd/en,4,1
Rangpur-Dinajpur-Kaharole,Rangpur,Dinajpur,Kaharole,http://dphe.kaharole.dinajpur.gov.bd/en,0,0
Rangpur-Dinajpur-Khansama,Rangpur,Dinajpur,Khansama,http://dphe.khansama.dinajpur.gov.bd/en,6,1
Rangpur-Dinajpur-Nawabganj,Rangpur,Dinajpur,Nawabganj,http://dphe.nawabganj.dinajpur.gov.bd/en,9,1
Rangpur-Dinajpur-Parbatipur,Rangpur,Dinajpur,Parbatipur,http://dphe.parbatipur.dinajpur.gov.bd/en,8,2
Rangpur-Gaibandha-Fulchhari,Rangpur,Gaibandha,Fulchhari,http://dphe.fulchhari.gaibandha.gov.bd/en,0,0
Rangpur-Gaibandha-Gaibandha Sadar,Rangpur,Gaibandha,Gaibandha Sadar,http://dphe.sadar.gaibandha.gov.bd/en,0,0
Rangpur-Gaibandha-Gobindaganj,Rangpur,Gaibandha,Gobindaganj,http://dphe.gobindaganj.gaibandha.gov.bd/en,11,4
Rangpur-Gaibandha-Palashbari,Rangpur,Gaibandha,Palashbari,http://dphe.palashbari.gaibandha.gov.bd/en,7,1
Rangpur-Gaibandha-Sadullapur,Rangpur,Gaibandha,Sadullapur,http://dphe.sadullapur.gaibandha.gov.bd/en,7,2
Rangpur-Gaibandha-Saghatta,Rangpur,Gaibandha,Saghatta,http://dphe.saghatta.gaibandha.gov.bd/en,0,0
Rangpur-Gaibandha-Sundarganj,Rangpur,Gaibandha,Sundarganj,http://dphe.sundarganj.gaibandha.gov.bd/en,10,5
Rangpur-Kurigram-Bhurungamari,Rangpur,Kurigram,Bhurungamari,http://dphe.bhurungamari.kurigram.gov.bd/en,6,2
Rangpur-Kurigram-Char Rajibpur,Rangpur,Kurigram,Char Rajibpur,http://dphe.charrajibpur.kurigram.gov.bd/en,8,5
Rangpur-Kurigram-Chilmari,Rangpur,Kurigram,Chilmari,http://dphe.chilmari.kurigram.gov.bd/en,7,2
Rangpur-Kurigram-Kurigram Sadar,Rangpur,Kurigram,Kurigram Sadar,http://dphe.sadar.kurigram.gov.bd/en,0,0
Rangpur-Kurigram-Nageshwari,Rangpur,Kurigram,Nageshwari,http://dphe.nageshwari.kurigram.gov.bd/en,11,3
Rangpur-Kurigram-Phulbari,Rangpur,Kurigram,Phulbari,http://dphe.phulbari.kurigram.gov.bd/en,9,4
Rangpur-Kurigram-Rajarhat,Rangpur,Kurigram,Rajarhat,http://dphe.rajarhat.kurigram.gov.bd/en,10,1
Rangpur-Kurigram-Raumari,Rangpur,Kurigram,Raumari,http://dphe.raumari.kurigram.gov.bd/en,0,0
Rangpur-Kurigram-Ulipur,Rangpur,Kurigram,Ulipur,http://dphe.ulipur.kurigram.gov.bd/en,10,1
Rangpur-Lalmonirhat-Aditmari,Rangpur,Lalmonirhat,Aditmari,http://dphe.aditmari.lalmonirhat.gov.bd/en,7,3
Rangpur-Lalmonirhat-Hatibandha,Rangpur,Lalmonirhat,Hatibandha,http://dphe.hatibandha.lalmonirhat.gov.bd/en,8,1
Rangpur-Lalmonirhat-Kaliganj,Rangpur,Lalmonirhat,Kaliganj,http://dphe.kaliganj.lalmonirhat.gov.bd/en,7,2
Rangpur-Lalmonirhat-Lalmonirhat Sadar,Rangpur,Lalmonirhat,Lalmonirhat Sadar,http://dphe.sadar.lalmonirhat.gov.bd/en,10,5
Rangpur-Lalmonirhat-Patgram,Rangpur,Lalmonirhat,Patgram,http://dphe.patgram.lalmonirhat.gov.bd/en,6,4
Rangpur-Nilphamari-Dimla,Rangpur,Nilphamari,Dimla,http://dphe.dimla.nilphamari.gov.bd/en,11,2
Rangpur-Nilphamari-Domar,Rangpur,Nilphamari,Domar,http://dphe.domar.nilphamari.gov.bd/en,5,2
Rangpur-Nilphamari-Jaldhaka,Rangpur,Nilphamari,Jaldhaka,http://dphe.jaldhaka.nilphamari.gov.bd/en,10,3
Rangpur-Nilphamari-Kishoreganj,Rangpur,Nilphamari,Kishoreganj,http://dphe.kishoreganj.nilphamari.gov.bd/en,0,0
Rangpur-Nilphamari-Nilphamari Sadar,Rangpur,Nilphamari,Nilphamari Sadar,http://dphe.sadar.nilphamari.gov.bd/en,0,0
Rangpur-Nilphamari-Saidpur,Rangpur,Nilphamari,Saidpur,http://dphe.saidpur.nilphamari.gov.bd/en,0,0
Rangpur-Panchagarh-Atwari,Rangpur,Panchagarh,Atwari,http://dphe.atwari.panchagarh.gov.bd/en,7,2
Rangpur-Panchagarh-Boda,Rangpur,Panchagarh,Boda,http://dphe.boda.panchagarh.gov.bd/en,8,1
Rangpur-Panchagarh-Debiganj,Rangpur,Panchagarh,Debiganj,http://dphe.debiganj.panchagarh.gov.bd/en,7,2
Rangpur-Panchagarh-Panchagarh Sadar,Rangpur,Panchagarh,Panchagarh Sadar,http://dphe.sadar.panchagarh.gov.bd/en,0,0
Rangpur-Panchagarh-Tentulia,Rangpur,Panchagarh,Tentulia,http://dphe.tentulia.panchagarh.gov.bd/en,0,0
Rangpur-Rangpur-Badarganj,Rangpur,Rangpur,Badarganj,http://dphe.badarganj.rangpur.gov.bd/en,0,0
Rangpur-Rangpur-Gangachara,Rangpur,Rangpur,Gangachara,http://dphe.gangachara.rangpur.gov.bd/en,7,3
Rangpur-Rangpur-Kaunia,Rangpur,Rangpur,Kaunia,http://dphe.kaunia.rangpur.gov.bd/en,6,1
Rangpur-Rangpur-Mitha Pukur,Rangpur,Rangpur,Mitha Pukur,http://dphe.mithapukur.rangpur.gov.bd/en,12,1
Rangpur-Rangpur-Pirgachha,Rangpur,Rangpur,Pirgachha,http://dphe.pirgachha.rangpur.gov.bd/en,0,0
Rangpur-Rangpur-Pirganj,Rangpur,Rangpur,Pirganj,http://dphe.pirganj.rangpur.gov.bd/en,0,0
Rangpur-Rangpur-Rangpur Sadar,Rangpur,Rangpur,Rangpur Sadar,http://dphe.sadar.rangpur.gov.bd/en,0,0
Rangpur-Rangpur-Taraganj,Rangpur,Rangpur,Taraganj,http://dphe.taraganj.rangpur.gov.bd/en,0,0
Rangpur-Thakurgaon-Baliadangi,Rangpur,Thakurgaon,Baliadangi,http://dphe.baliadangi.thakurgaon.gov.bd/en,6,2
Rangpur-Thakurgaon-Haripur,Rangpur,Thakurgaon,Haripur,http://dphe.haripur.thakurgaon.gov.bd/en,4,3
Rangpur-Thakurgaon-Pirganj,Rangpur,Thakurgaon,Pirganj,http://dphe.pirganj.thakurgaon.gov.bd/en,7,6
Rangpur-Thakurgaon-Ranisankail,Rangpur,Thakurgaon,Ranisankail,http://dphe.ranisankail.thakurgaon.gov.bd/en,6,2
Rangpur-Thakurgaon-Thakurgaon Sadar,Rangpur,Thakurgaon,Thakurgaon Sadar,http://dphe.sadar.thakurgaon.gov.bd/en,0,0
Sylhet-Habiganj-Ajmiriganj,Sylhet,Habiganj,Ajmiriganj,http://dphe.ajmiriganj.habiganj.gov.bd/en,4,0
Sylhet-Habiganj-Bahubal,Sylhet,Habiganj,Bahubal,http://dphe.bahubal.habiganj.gov.bd/en,6,0
Sylhet-Habiganj-Baniachong,Sylhet,Habiganj,Baniachong,http://dphe.baniachong.habiganj.gov.bd/en,6,0
Sylhet-Habiganj-Chunarughat,Sylhet,Habiganj,Chunarughat,http://dphe.chunarughat.habiganj.gov.bd/en,11,0
Sylhet-Habiganj-Habiganj Sadar,Sylhet,Habiganj,Habiganj Sadar,http://dphe.sadar.habiganj.gov.bd/en,0,0
Sylhet-Habiganj-Lakhai,Sylhet,Habiganj,Lakhai,http://dphe.lakhai.habiganj.gov.bd/en,9,0
Sylhet-Habiganj-Madhabpur,Sylhet,Habiganj,Madhabpur,http://dphe.madhabpur.habiganj.gov.bd/en,3,0
Sylhet-Habiganj-Nabiganj,Sylhet,Habiganj,Nabiganj,http://dphe.nabiganj.habiganj.gov.bd/en,7,0
Sylhet-Maulvibazar-Barlekha,Sylhet,Maulvibazar,Barlekha,http://dphe.barlekha.maulvibazar.gov.bd/en,0,0
Sylhet-Maulvibazar-Juri,Sylhet,Maulvibazar,Juri,http://dphe.juri.maulvibazar.gov.bd/en,0,0
Sylhet-Maulvibazar-Kamalganj,Sylhet,Maulvibazar,Kamalganj,http://dphe.kamalganj.maulvibazar.gov.bd/en,0,0
Sylhet-Maulvibazar-Kulaura,Sylhet,Maulvibazar,Kulaura,http://dphe.kulaura.maulvibazar.gov.bd/en,0,0
Sylhet-Maulvibazar-Maulvi Bazar Sadar,Sylhet,Maulvibazar,Maulvi Bazar Sadar,http://dphe.maulvibazarsadar.maulvibazar.gov.bd/en,0,0
Sylhet-Maulvibazar-Rajnagar,Sylhet,Maulvibazar,Rajnagar,http://dphe.rajnagar.maulvibazar.gov.bd/en,0,0
Sylhet-Maulvibazar-Sreemangal,Sylhet,Maulvibazar,Sreemangal,http://dphe.sreemangal.maulvibazar.gov.bd/en,0,0
Sylhet-Sunamganj-Bishwambarpur,Sylhet,Sunamganj,Bishwambarpur,http://dphe.bishwambarpur.sunamganj.gov.bd/en,7,2
Sylhet-Sunamganj-Chhatak,Sylhet,Sunamganj,Chhatak,http://dphe.chhatak.sunamganj.gov.bd/en,7,1
Sylhet-Sunamganj-Dakshin Sunamganj,Sylhet,Sunamganj,Dakshin Sunamganj,http://dphe.sunamganj.gov.bd/en,6,5
Sylhet-Sunamganj-Derai,Sylhet,Sunamganj,Derai,http://dphe.derai.sunamganj.gov.bd/en,7,1
Sylhet-Sunamganj-Dharampasha,Sylhet,Sunamganj,Dharampasha,http://dphe.dharampasha.sunamganj.gov.bd/en,0,0
Sylhet-Sunamganj-Dowarabazar,Sylhet,Sunamganj,Dowarabazar,http://dphe.dowarabazar.sunamganj.gov.bd/en,5,3
Sylhet-Sunamganj-Jagannathpur,Sylhet,Sunamganj,Jagannathpur,http://dphe.jagannathpur.sunamganj.gov.bd/en,2,1
Sylhet-Sunamganj-Jamalganj,Sylhet,Sunamganj,Jamalganj,http://dphe.jamalganj.sunamganj.gov.bd/en,5,1
Sylhet-Sunamganj-Sulla,Sylhet,Sunamganj,Sulla,http://dphe.sulla.sunamganj.gov.bd/en,0,0
Sylhet-Sunamganj-Sunamganj Sadar,Sylhet,Sunamganj,Sunamganj Sadar,http://dphe.sadar.sunamganj.gov.bd/en,8,5
Sylhet-Sunamganj-Tahirpur,Sylhet,Sunamganj,Tahirpur,http://dphe.tahirpur.sunamganj.gov.bd/en,5,1
Sylhet-Sylhet-Balaganj,Sylhet,Sylhet,Balaganj,http://dphe.balaganj.sylhet.gov.bd/en,6,6
Sylhet-Sylhet-Beani Bazar,Sylhet,Sylhet,Beani Bazar,http://dphe.beanibazar.sylhet.gov.bd/en,7,2
Sylhet-Sylhet-Bishwanath,Sylhet,Sylhet,Bishwanath,http://dphe.bishwanath.sylhet.gov.bd/en,10,1
Sylhet-Sylhet-Companiganj,Sylhet,Sylhet,Companiganj,http://dphe.companiganj.sylhet.gov.bd/en,1,1
Sylhet-Sylhet-Dakshin Surma,Sylhet,Sylhet,Dakshin Surma,http://dphe.dakshinsurma.sylhet.gov.bd/en,0,0
Sylhet-Sylhet-Fenchuganj,Sylhet,Sylhet,Fenchuganj,http://dphe.fenchuganj.sylhet.gov.bd/en,7,4
Sylhet-Sylhet-Golabganj,Sylhet,Sylhet,Golabganj,http://dphe.golabganj.sylhet.gov.bd/en,0,0
Sylhet-Sylhet-Gowainghat,Sylhet,Sylhet,Gowainghat,http://dphe.gowainghat.sylhet.gov.bd/en,6,1
Sylhet-Sylhet-Jaintiapur,Sylhet,Sylhet,Jaintiapur,http://dphe.jaintiapur.sylhet.gov.bd/en,5,2
Sylhet-Sylhet-Kanaighat,Sylhet,Sylhet,Kanaighat,http://dphe.kanaighat.sylhet.gov.bd/en,12,1
Sylhet-Sylhet-Sylhet Sadar,Sylhet,Sylhet,Sylhet Sadar,http://dphe.sylhetsadar.sylhet.gov.bd/en,0,0
Sylhet-Sylhet-Zakiganj,Sylhet,Sylhet,Zakiganj,http://dphe.zakiganj.sylhet.gov.bd/en,5,1
,,,,,359 / 538,